{"cameraMode":{"drawMode":0,"name":"Shaded","section":"Shading Mode"},"sceneLighting":true,"audioPlay":false,"sceneViewState":{"showFog":true,"showMaterialUpdate":false,"showSkybox":true,"showFlares":true,"showImageEffects":true,"showParticleSystems":true},"in2DMode":false,"pivot":{"x":12.090463638305664,"y":1.7243943214416505,"z":-2.1103322505950929},"rotation":{"x":0.471523642539978,"y":0.5267952084541321,"z":-0.46929723024368288,"w":0.5291468501091003},"size":18.324132919311525,"orthographic":false}