{"cameraMode":{"drawMode":0,"name":"Shaded","section":"Shading Mode"},"sceneLighting":true,"audioPlay":false,"sceneViewState":{"showFog":true,"showMaterialUpdate":false,"showSkybox":true,"showFlares":true,"showImageEffects":true,"showParticleSystems":true},"in2DMode":false,"pivot":{"x":5.909762382507324,"y":1.6209087371826172,"z":0.8000940084457398},"rotation":{"x":0.4107398986816406,"y":0.5770571231842041,"z":-0.41523075103759768,"w":0.5708667635917664},"size":15.586721420288086,"orthographic":false}